{"stats":{"minecraft:picked_up":{"minecraft:crafting_table":2,"minecraft:leather":16,"minecraft:porkchop":5,"minecraft:oak_log":9,"minecraft:apple":1,"minecraft:beef":32,"minecraft:light_gray_wool":2,"minecraft:mutton":22,"minecraft:coal":21,"minecraft:white_wool":13,"minecraft:cobblestone":22,"minecraft:sunflower":1},"minecraft:crafted":{"minecraft:cooked_beef":12,"minecraft:oak_planks":20,"minecraft:crafting_table":1,"minecraft:stick":8,"minecraft:wooden_pickaxe":1,"minecraft:stone_pickaxe":1,"minecraft:wooden_axe":1,"minecraft:furnace":2,"minecraft:stone_axe":1,"minecraft:air":0,"minecraft:smoker":1},"minecraft:custom":{"minecraft:time_since_rest":11132,"minecraft:interact_with_furnace":8,"minecraft:sprint_one_cm":29887,"minecraft:damage_taken":25,"minecraft:walk_one_cm":26451,"minecraft:mob_kills":35,"minecraft:drop":2,"minecraft:damage_dealt":3199,"minecraft:interact_with_crafting_table":4,"minecraft:fly_one_cm":70454,"minecraft:crouch_one_cm":1202,"minecraft:play_time":11132,"minecraft:sneak_time":336,"minecraft:jump":365,"minecraft:time_since_death":11132,"minecraft:interact_with_smoker":4,"minecraft:total_world_time":11132,"minecraft:fall_one_cm":17519},"minecraft:mined":{"minecraft:crafting_table":2,"minecraft:short_grass":2,"minecraft:coal_ore":21,"minecraft:oak_log":9,"minecraft:sunflower":1,"minecraft:tall_grass":1,"minecraft:stone":22,"minecraft:oak_leaves":2},"minecraft:used":{"minecraft:wooden_axe":24,"minecraft:apple":1,"minecraft:stone_pickaxe":29,"minecraft:wooden_pickaxe":14,"minecraft:stone_axe":25,"minecraft:crafting_table":3,"minecraft:furnace":1,"minecraft:cooked_beef":2,"minecraft:smoker":1},"minecraft:killed":{"minecraft:sheep":15,"minecraft:pig":3,"minecraft:cow":17},"minecraft:dropped":{"minecraft:wooden_axe":1,"minecraft:sunflower":1}},"DataVersion":3953}