{"stats":{"minecraft:picked_up":{"minecraft:raw_iron":1,"minecraft:crafting_table":5,"minecraft:leather":25,"minecraft:smoker":1,"minecraft:porkchop":9,"minecraft:oak_log":9,"minecraft:white_bed":2,"minecraft:apple":1,"minecraft:hay_block":13,"minecraft:iron_ingot":5,"minecraft:beef":46,"minecraft:poppy":1,"minecraft:light_gray_wool":2,"minecraft:furnace":1,"minecraft:mutton":22,"minecraft:coal":51,"minecraft:white_wool":13,"minecraft:cobblestone":62,"minecraft:sunflower":1},"minecraft:crafted":{"minecraft:cooked_beef":32,"minecraft:oak_planks":20,"minecraft:cooked_porkchop":5,"minecraft:crafting_table":1,"minecraft:stick":12,"minecraft:wooden_pickaxe":1,"minecraft:iron_pickaxe":1,"minecraft:stone_pickaxe":1,"minecraft:wooden_axe":1,"minecraft:iron_sword":1,"minecraft:furnace":2,"minecraft:white_bed":1,"minecraft:bread":39,"minecraft:wheat":117,"minecraft:stone_axe":1,"minecraft:cooked_mutton":22,"minecraft:air":0,"minecraft:smoker":1},"minecraft:custom":{"minecraft:time_since_rest":2349,"minecraft:interact_with_furnace":16,"minecraft:sprint_one_cm":60682,"minecraft:damage_taken":145,"minecraft:walk_one_cm":57032,"minecraft:mob_kills":46,"minecraft:drop":2,"minecraft:damage_dealt":5499,"minecraft:swim_one_cm":1276,"minecraft:interact_with_crafting_table":8,"minecraft:fly_one_cm":152354,"minecraft:open_chest":4,"minecraft:crouch_one_cm":2745,"minecraft:play_time":23132,"minecraft:sneak_time":1146,"minecraft:walk_under_water_one_cm":225,"minecraft:jump":790,"minecraft:climb_one_cm":368,"minecraft:walk_on_water_one_cm":87,"minecraft:time_since_death":23132,"minecraft:sleep_in_bed":2,"minecraft:interact_with_smoker":11,"minecraft:total_world_time":23132,"minecraft:fall_one_cm":31219},"minecraft:mined":{"minecraft:hay_block":13,"minecraft:white_bed":2,"minecraft:furnace":1,"minecraft:iron_ore":1,"minecraft:smoker":1,"minecraft:crafting_table":5,"minecraft:short_grass":3,"minecraft:coal_ore":38,"minecraft:oak_log":9,"minecraft:sunflower":1,"minecraft:tall_grass":1,"minecraft:cobblestone":6,"minecraft:stone":56,"minecraft:oak_leaves":2},"minecraft:used":{"minecraft:wooden_axe":24,"minecraft:apple":1,"minecraft:stone_pickaxe":57,"minecraft:wooden_pickaxe":46,"minecraft:iron_sword":19,"minecraft:stone_axe":40,"minecraft:cobblestone":12,"minecraft:crafting_table":5,"minecraft:furnace":1,"minecraft:white_bed":1,"minecraft:cooked_beef":4,"minecraft:smoker":1},"minecraft:killed":{"minecraft:sheep":15,"minecraft:pig":5,"minecraft:iron_golem":1,"minecraft:enderman":1,"minecraft:cow":24},"minecraft:dropped":{"minecraft:wooden_axe":1,"minecraft:sunflower":1}},"DataVersion":3953}